{
    "name": "CustomerDetails",
    "fields": [
        {
            "fieldName": "gender",
            "fieldType": "Gender",
            "fieldValues": "MALE,FEMALE,OTHER",
            "fieldValidateRules": [
                "required"
            ]
        },
        {
            "fieldName": "phone",
            "fieldType": "String",
            "fieldValidateRules": [
                "required"
            ]
        },
        {
            "fieldName": "addressLine1",
            "fieldType": "String",
            "fieldValidateRules": [
                "required"
            ]
        },
        {
            "fieldName": "addressLine2",
            "fieldType": "String"
        },
        {
            "fieldName": "city",
            "fieldType": "String",
            "fieldValidateRules": [
                "required"
            ]
        },
        {
            "fieldName": "country",
            "fieldType": "String",
            "fieldValidateRules": [
                "required"
            ]
        }
    ],
    "relationships": [
        {
            "relationshipType": "one-to-one",
            "otherEntityName": "user",
            "otherEntityRelationshipName": "customerDetails",
            "relationshipValidateRules": "required",
            "relationshipName": "user",
            "otherEntityField": "login",
            "ownerSide": true
        },
        {
            "relationshipType": "one-to-many",
            "otherEntityName": "shoppingCart",
            "otherEntityRelationshipName": "customerDetails",
            "relationshipName": "cart"
        }
    ],
    "changelogDate": "20200424080300",
    "entityTableName": "customer_details",
    "dto": "no",
    "pagination": "pagination",
    "service": "serviceClass",
    "jpaMetamodelFiltering": false,
    "fluentMethods": true,
    "readOnly": false,
    "embedded": false,
    "clientRootFolder": "",
    "applications": [
        "store"
    ]
}