{
    "name": "ShoppingCart",
    "fields": [
        {
            "fieldName": "placedDate",
            "fieldType": "Instant",
            "fieldValidateRules": [
                "required"
            ]
        },
        {
            "fieldName": "status",
            "fieldType": "OrderStatus",
            "fieldValues": "COMPLETED,PAID,PENDING,CANCELLED,REFUNDED",
            "fieldValidateRules": [
                "required"
            ]
        },
        {
            "fieldName": "totalPrice",
            "fieldType": "BigDecimal",
            "fieldValidateRules": [
                "required",
                "min"
            ],
            "fieldValidateRulesMin": "0"
        },
        {
            "fieldName": "paymentMethod",
            "fieldType": "PaymentMethod",
            "fieldValues": "CREDIT_CARD (scheme),IDEAL (ideal)",
            "fieldValidateRules": [
                "required"
            ]
        },
        {
            "fieldName": "paymentReference",
            "fieldType": "String"
        },
        {
            "fieldName": "paymentModificationReference",
            "fieldType": "String"
        }
    ],
    "relationships": [
        {
            "relationshipType": "one-to-many",
            "otherEntityName": "productOrder",
            "otherEntityRelationshipName": "cart",
            "relationshipName": "order"
        },
        {
            "relationshipType": "many-to-one",
            "otherEntityName": "customerDetails",
            "otherEntityRelationshipName": "cart",
            "relationshipValidateRules": "required",
            "relationshipName": "customerDetails",
            "otherEntityField": "id"
        }
    ],
    "changelogDate": "20200424080400",
    "entityTableName": "shopping_cart",
    "dto": "no",
    "pagination": "no",
    "service": "serviceClass",
    "jpaMetamodelFiltering": false,
    "fluentMethods": true,
    "readOnly": false,
    "embedded": false,
    "clientRootFolder": "",
    "applications": [
        "store"
    ]
}