{
  "generator-jhipster": {
    "authenticationType": "jwt",
    "cacheProvider": "ehcache",
    "clientFramework": "react",
    "serverPort": "8080",
    "serviceDiscoveryType": false,
    "skipUserManagement": false,
    "baseName": "store",
    "buildTool": "gradle",
    "databaseType": "sql",
    "devDatabaseType": "h2Disk",
    "enableHibernateCache": true,
    "enableSwaggerCodegen": false,
    "enableTranslation": false,
    "jhiPrefix": "jhi",
    "languages": ["en", "fr"],
    "messageBroker": false,
    "nativeLanguage": "en",
    "prodDatabaseType": "mysql",
    "searchEngine": false,
    "skipClient": false,
    "testFrameworks": [],
    "websocket": false,
    "packageName": "com.adyen.demo.store",
    "packageFolder": "com/adyen/demo/store",
    "useSass": true,
    "jhipsterVersion": "6.8.0",
    "creationTimestamp": 1608565320758,
    "skipServer": false,
    "clientPackageManager": "npm",
    "clientTheme": "none",
    "clientThemeVariant": "",
    "applicationType": "monolith",
    "jwtSecretKey": "NTMyMGZkYWMzYTVmOWMwMWUwOWNhYjllYzM0MTg2ZDZmNzZmMWZhNjcwYjc2ODA2ZGZjMGJlYTc4YzM3YzczMTFiNjBlYjczMWM4NDM3NTM0N2RkOTNiMWJmOWE4YTUxOTkzMzQ0Zjc2MTNmN2U4NjMyZGMzYjRiNzUwZTI2OTA=",
    "embeddableLaunchScript": false,
    "entitySuffix": "",
    "dtoSuffix": "DTO",
    "otherModules": [],
    "blueprints": [],
    "herokuAppName": "adyen-demo-store",
    "herokuDeployType": "jar"
  },
  "entities": ["Product", "ProductCategory", "CustomerDetails", "ShoppingCart", "ProductOrder", "PaymentCache"]
}
