<?xml version="1.0" encoding="utf-8"?>
<databaseChangeLog
    xmlns="http://www.liquibase.org/xml/ns/dbchangelog"
    xmlns:ext="http://www.liquibase.org/xml/ns/dbchangelog-ext"
    xmlns:xsi="http://www.w3.org/2001/XMLSchema-instance"
    xsi:schemaLocation="http://www.liquibase.org/xml/ns/dbchangelog http://www.liquibase.org/xml/ns/dbchangelog/dbchangelog-3.8.xsd
                        http://www.liquibase.org/xml/ns/dbchangelog-ext http://www.liquibase.org/xml/ns/dbchangelog/dbchangelog-ext.xsd">

        <property name="autoIncrement" value="true"/>

    <!--
        Added the entity ShoppingCart.
    -->
    <changeSet id="20200424080400-1" author="jhipster">
        <createTable tableName="shopping_cart">
            <column name="id" type="bigint" autoIncrement="${autoIncrement}">
                <constraints primaryKey="true" nullable="false"/>
            </column>
            <column name="placed_date" type="datetime">
                <constraints nullable="false" />
            </column>
            <column name="status" type="varchar(255)">
                <constraints nullable="false" />
            </column>
            <column name="total_price" type="decimal(21,2)">
                <constraints nullable="false" />
            </column>
            <column name="payment_method" type="varchar(255)">
                <constraints nullable="false" />
            </column>
            <column name="payment_reference" type="varchar(255)">
                <constraints nullable="true" />
            </column>
            <column name="payment_modification_reference" type="varchar(255)">
                <constraints nullable="true" />
            </column>
            <column name="customer_details_id" type="bigint">
                <constraints nullable="false" />
            </column>
            <!-- jhipster-needle-liquibase-add-column - JHipster will add columns here, do not remove-->
        </createTable>
        <dropDefaultValue tableName="shopping_cart" columnName="placed_date" columnDataType="datetime"/>
    </changeSet>

    <changeSet id="20200424080400-1-relations" author="jhipster">

    </changeSet>
    <!-- jhipster-needle-liquibase-add-changeset - JHipster will add changesets here, do not remove-->

</databaseChangeLog>
