<?xml version="1.0" encoding="utf-8"?>
<databaseChangeLog
    xmlns="http://www.liquibase.org/xml/ns/dbchangelog"
    xmlns:ext="http://www.liquibase.org/xml/ns/dbchangelog-ext"
    xmlns:xsi="http://www.w3.org/2001/XMLSchema-instance"
    xsi:schemaLocation="http://www.liquibase.org/xml/ns/dbchangelog http://www.liquibase.org/xml/ns/dbchangelog/dbchangelog-3.8.xsd
                        http://www.liquibase.org/xml/ns/dbchangelog-ext http://www.liquibase.org/xml/ns/dbchangelog/dbchangelog-ext.xsd">

        <property name="autoIncrement" value="true"/>

    <!--
        Added the entity PaymentCache.
    -->
    <changeSet id="20201218114000-1" author="jhipster">
        <createTable tableName="payment_cache">
            <column name="id" type="bigint" autoIncrement="${autoIncrement}">
                <constraints primaryKey="true" nullable="false"/>
            </column>
            <column name="order_ref" type="varchar(255)">
                <constraints nullable="false" />
            </column>
            <column name="original_host" type="varchar(255)">
                <constraints nullable="true" />
            </column>
            <column name="payment_data" type="varchar(65535)">
                <constraints nullable="true" />
            </column>
            <column name="payment_type" type="varchar(255)">
                <constraints nullable="true" />
            </column>
            <column name="user_id" type="bigint">
                <constraints nullable="false" />
            </column>
            <!-- jhipster-needle-liquibase-add-column - JHipster will add columns here, do not remove-->
        </createTable>
    </changeSet>

    <changeSet id="20201218114000-1-relations" author="jhipster">

    </changeSet>
    <!-- jhipster-needle-liquibase-add-changeset - JHipster will add changesets here, do not remove-->

</databaseChangeLog>
