<?xml version="1.0" encoding="utf-8"?>
<databaseChangeLog
    xmlns="http://www.liquibase.org/xml/ns/dbchangelog"
    xmlns:ext="http://www.liquibase.org/xml/ns/dbchangelog-ext"
    xmlns:xsi="http://www.w3.org/2001/XMLSchema-instance"
    xsi:schemaLocation="http://www.liquibase.org/xml/ns/dbchangelog http://www.liquibase.org/xml/ns/dbchangelog/dbchangelog-3.8.xsd
                        http://www.liquibase.org/xml/ns/dbchangelog-ext http://www.liquibase.org/xml/ns/dbchangelog/dbchangelog-ext.xsd">

        <property name="autoIncrement" value="true"/>

    <!--
        Added the entity Product.
    -->
    <changeSet id="20200424080100-1" author="jhipster">
        <createTable tableName="product" remarks="Product sold by the Online store">
            <column name="id" type="bigint" autoIncrement="${autoIncrement}">
                <constraints primaryKey="true" nullable="false"/>
            </column>
            <column name="name" type="varchar(255)">
                <constraints nullable="false" />
            </column>
            <column name="description" type="varchar(255)">
                <constraints nullable="true" />
            </column>
            <column name="price" type="decimal(21,2)">
                <constraints nullable="false" />
            </column>
            <column name="size" type="varchar(255)">
                <constraints nullable="false" />
            </column>
            <column name="image" type="longblob">
                <constraints nullable="true" />
            </column>
            <column name="image_content_type" type="varchar(255)">
                <constraints nullable="true" />
            </column>
            <column name="product_category_id" type="bigint">
                <constraints nullable="false" />
            </column>
            <!-- jhipster-needle-liquibase-add-column - JHipster will add columns here, do not remove-->
        </createTable>
    </changeSet>

    <changeSet id="20200424080100-1-relations" author="jhipster">

    </changeSet>
    <!-- jhipster-needle-liquibase-add-changeset - JHipster will add changesets here, do not remove-->

    <!--
        Load sample data generated with Faker.js
        - This data can be easily edited using a CSV editor (or even MS Excel) and
          is located in the 'src/main/resources/config/liquibase/fake-data' directory
        - By default this data is applied when running with the JHipster 'dev' profile.
          This can be customized by adding or removing 'faker' in the 'spring.liquibase.contexts'
          Spring Boot configuration key.
    -->
    <changeSet id="20200424080100-1-data" author="jhipster" context="faker">
        <loadData
                  file="config/liquibase/fake-data/product.csv"
                  separator=";"
                  tableName="product">
            <column name="id" type="numeric"/>
            <column name="name" type="string"/>
            <column name="description" type="string"/>
            <column name="price" type="numeric"/>
            <column name="size" type="string"/>
            <column name="image" type="blob"/>
            <column name="image_content_type" type="string"/>
            <column name="product_category_id" type="numeric"/>
            <!-- jhipster-needle-liquibase-add-loadcolumn - JHipster (and/or extensions) can add load columns here, do not remove-->
        </loadData>
    </changeSet>

</databaseChangeLog>
